{
  "timestamp": 1635548223,
  "signatures": {
    "anim_overlays": 10640,
    "clientstate_choked_commands": 19760,
    "clientstate_delta_ticks": 372,
    "clientstate_last_outgoing_command": 19756,
    "clientstate_net_channel": 156,
    "convar_name_hash_table": 192760,
    "dwClientState": 5804012,
    "dwClientState_GetLocalPlayer": 384,
    "dwClientState_IsHLTV": 19784,
    "dwClientState_Map": 652,
    "dwClientState_MapDirectory": 392,
    "dwClientState_MaxPlayer": 904,
    "dwClientState_PlayerInfo": 21184,
    "dwClientState_State": 264,
    "dwClientState_ViewAngles": 19856,
    "dwEntityList": 81524572,
    "dwForceAttack": 52362452,
    "dwForceAttack2": 52362464,
    "dwForceBackward": 52362380,
    "dwForceForward": 52362392,
    "dwForceJump": 86414704,
    "dwForceLeft": 52362416,
    "dwForceRight": 52362404,
    "dwGameDir": 6452992,
    "dwGameRulesProxy": 86886476,
    "dwGetAllClasses": 14473860,
    "dwGlobalVars": 5803248,
    "dwGlowObjectManager": 87063624,
    "dwInput": 86052128,
    "dwInterfaceLinkList": 9792164,
    "dwLocalPlayer": 14308428,
    "dwMouseEnable": 14331800,
    "dwMouseEnablePtr": 14331752,
    "dwPlayerResource": 52355072,
    "dwRadarBase": 85935316,
    "dwSensitivity": 14331444,
    "dwSensitivityPtr": 14331400,
    "dwSetClanTag": 565552,
    "dwViewMatrix": 81465460,
    "dwWeaponTable": 86054884,
    "dwWeaponTableIndex": 12908,
    "dwYawPtr": 14330872,
    "dwZoomSensitivityRatioPtr": 14352024,
    "dwbSendPackets": 883666,
    "dwppDirect3DDevice9": 684112,
    "find_hud_element": 793980576,
    "force_update_spectator_glow": 3882746,
    "interface_engine_cvar": 256492,
    "is_c4_owner": 3935824,
    "m_bDormant": 237,
    "m_flSpawnTime": 66496,
    "m_pStudioHdr": 10576,
    "m_pitchClassPtr": 85935984,
    "m_yawClassPtr": 14330872,
    "model_ambient_min": 5816332,
    "set_abs_angles": 1981840,
    "set_abs_origin": 1981392
  },
  "netvars": {
    "cs_gamerules_data": 0,
    "m_ArmorValue": 71628,
    "m_Collision": 800,
    "m_CollisionGroup": 1140,
    "m_Local": 12236,
    "m_MoveType": 604,
    "m_OriginalOwnerXuidHigh": 12756,
    "m_OriginalOwnerXuidLow": 12752,
    "m_SurvivalGameRuleDecisionTypes": 4904,
    "m_SurvivalRules": 3328,
    "m_aimPunchAngle": 12348,
    "m_aimPunchAngleVel": 12360,
    "m_angEyeAnglesX": 71632,
    "m_angEyeAnglesY": 71636,
    "m_bBombPlanted": 2469,
    "m_bFreezePeriod": 32,
    "m_bGunGameImmunity": 39312,
    "m_bHasDefuser": 71644,
    "m_bHasHelmet": 71616,
    "m_bInReload": 12981,
    "m_bIsDefusing": 39292,
    "m_bIsQueuedMatchmaking": 116,
    "m_bIsScoped": 39284,
    "m_bIsValveDS": 124,
    "m_bSpotted": 2365,
    "m_bSpottedByMask": 2432,
    "m_bStartedArming": 13312,
    "m_bUseCustomAutoExposureMax": 2521,
    "m_bUseCustomAutoExposureMin": 2520,
    "m_bUseCustomBloomScale": 2522,
    "m_clrRender": 112,
    "m_dwBoneMatrix": 9896,
    "m_fAccuracyPenalty": 13120,
    "m_fFlags": 260,
    "m_flC4Blow": 10656,
    "m_flCustomAutoExposureMax": 2528,
    "m_flCustomAutoExposureMin": 2524,
    "m_flCustomBloomScale": 2532,
    "m_flDefuseCountDown": 10684,
    "m_flDefuseLength": 10680,
    "m_flFallbackWear": 12768,
    "m_flFlashDuration": 66672,
    "m_flFlashMaxAlpha": 66668,
    "m_flLastBoneSetupTime": 10536,
    "m_flLowerBodyYawTarget": 39644,
    "m_flNextAttack": 11648,
    "m_flNextPrimaryAttack": 12872,
    "m_flSimulationTime": 616,
    "m_flTimerLength": 10660,
    "m_hActiveWeapon": 12040,
    "m_hMyWeapons": 11784,
    "m_hObserverTarget": 13212,
    "m_hOwner": 10716,
    "m_hOwnerEntity": 332,
    "m_hViewModel[0]": 13064,
    "m_iAccountID": 12248,
    "m_iClip1": 12916,
    "m_iCompetitiveRanking": 6788,
    "m_iCompetitiveWins": 7048,
    "m_iCrosshairId": 71736,
    "m_iEntityQuality": 12220,
    "m_iFOV": 12788,
    "m_iFOVStart": 12792,
    "m_iGlowIndex": 66696,
    "m_iHealth": 256,
    "m_iItemDefinitionIndex": 12218,
    "m_iItemIDHigh": 12240,
    "m_iMostRecentModelBoneCounter": 9872,
    "m_iObserverMode": 13192,
    "m_iShotsFired": 66528,
    "m_iState": 12904,
    "m_iTeamNum": 244,
    "m_iViewModelIndex": 12880,
    "m_iWorldDroppedModelIndex": 12888,
    "m_iWorldModelIndex": 12884,
    "m_lifeState": 607,
    "m_nFallbackPaintKit": 12760,
    "m_nFallbackSeed": 12764,
    "m_nFallbackStatTrak": 12772,
    "m_nForceBone": 9868,
    "m_nModelIndex": 600,
    "m_nTickBase": 13376,
    "m_nViewModelIndex": 12868,
    "m_rgflCoordinateFrame": 1092,
    "m_szCustomName": 12364,
    "m_szLastPlaceName": 13764,
    "m_thirdPersonViewAngles": 12776,
    "m_vecOrigin": 312,
    "m_vecVelocity": 276,
    "m_vecViewOffset": 264,
    "m_viewPunchAngle": 12336
  }
}
